/*
Bruno Biancchi – RM 84351
Luis Henrique Caldas Altero – RM 88670
Pedro Guilherme Polloni Barreto - RM 88964
Victor Lamprecht Di Roberto – RM 86691
*/



-- POPULANDO A TABELA CLIENTE
-- SELECT * FROM T_SCC_CLIENTE;
INSERT INTO T_SCC_CLIENTE VALUES (2275649057,321416898,25,'enim.etiam@nonsapien.ca','Madonna Short',71237535,4, 
    TO_DATE('22/02/2000', 'DD/MM/YYYY'),'P.O. Box 336, 866 Purus Ave','Programador',11962454261,'M');
       
INSERT INTO T_SCC_CLIENTE VALUES (8411889184,553753277,29,'egestas@utdolor.com','Hilel Townsend',82978618,8, 
    TO_DATE('15/08/1965', 'DD/MM/YYYY'),'P.O. Box 548, 8059 Euismod Road','Engenheiro de Dados',85948341548,'NB');

INSERT INTO T_SCC_CLIENTE VALUES (7460426932,620598553,88,'erat.eget@ut.com','Preston Hutchinson',68027446,5,
    TO_DATE('02/03/1979', 'DD/MM/YYYY'),'9091 Erat St.','Professor(a)',11971765881,'H');
    
INSERT INTO T_SCC_CLIENTE VALUES (3701615887,388604728,58,'rutrum.fusce@fames.ca','Janna Meyer',86854292,1,
    TO_DATE('03/03/1974', 'DD/MM/YYYY'),'204-989 Ipsum Ave','Advogado(a)',16936163054,'M');

INSERT INTO T_SCC_CLIENTE VALUES (3072194708,506375660,35,'libero@lobortis.net','Randall Terrell',70760970,1,
    TO_DATE('02/08/1990', 'DD/MM/YYYY'),'515-5271 A Rd.','Médico',62970126584,'H');

INSERT INTO T_SCC_CLIENTE VALUES (2912145714,278651483,43,'quis.arcu@magna.ca','Macey Strickland',75587653,5,
    TO_DATE('12/01/1992', 'DD/MM/YYYY'),'765-6332 Pellentesque Ave','Autonomo',11941406985,'M');

INSERT INTO T_SCC_CLIENTE VALUES (9041346005,911244223,92,'a.scelerisque@adipiscing.edu','Amos Oneil',27744880,2,
    TO_DATE('05/04/1965', 'DD/MM/YYYY'),'Ap 547-7562 Egestas Rd.','Mecânico',18986573631,'NB');

INSERT INTO T_SCC_CLIENTE VALUES (8167219999,517529108,18,'adipiscing.ligula@infaucibusorci.net','Quamar Ball',2152248,7,
    TO_DATE('01/10/1984', 'DD/MM/YYYY'),'790-6965 Elit Av.','Enfermeira',11958567846,'NB');

INSERT INTO T_SCC_CLIENTE VALUES (1455992345,148757549,91,'et@interdumcurabiturdictum.edu','Victoria David',13032352,5,
    TO_DATE('09/02/1995', 'DD/MM/YYYY'),'118-5938 Mauris Ave','Administrador',21951496473,'M');

INSERT INTO T_SCC_CLIENTE VALUES (6126246644,734178984,13,'senectus.et@quisqueimperdiet.edu','Cedric Head',97346882,9,
    TO_DATE('04/06/1987', 'DD/MM/YYYY'),'819-4825 Magna. Ave','Atendente',41964033790,'H');

INSERT INTO T_SCC_CLIENTE VALUES (5068621048,17599641,78,'dolor.nulla@magnisdisparturient.org','Alisa Steele',53392198,5,
    TO_DATE('10/09/1992', 'DD/MM/YYYY'),'9575 Nunc Road','Motorista',14949149353,'M');

INSERT INTO T_SCC_CLIENTE VALUES (5980638937,375717457,20,'morbi@risusodio.ca','Ferdinand Thomas',39373746,4,
    TO_DATE('04/04/1997', 'DD/MM/YYYY'),'8846 Nec St.','Entregador',91981472499,'H');

INSERT INTO T_SCC_CLIENTE VALUES (4149610338,914727924,15,'laoreet.lectus@sapiencrasdolor.co.uk','Geoffrey Chapman',81721783,3,
    TO_DATE('02/08/1962', 'DD/MM/YYYY'),'P.O. Box 463, 3453 Fermentum Ave','Vendedor',3197344931,'NB');

INSERT INTO T_SCC_CLIENTE VALUES (2635517640,921633933,14,'duis.risus@tincidunt.org','Tobias Downs',68066613,4,
    TO_DATE('12/08/1965', 'DD/MM/YYYY'),'816-2712 Metus Avenue','Policial Militar',11945022405,'H');

INSERT INTO T_SCC_CLIENTE VALUES (6559365323,464001496,54,'praesent.eu@etnuncquisque.edu','Adam Ramos',61670569,2,
    TO_DATE('06/05/1966', 'DD/MM/YYYY'),'Ap 982-3161 Lectus Av.','Policial Civil',47995649942,'NB');

INSERT INTO T_SCC_CLIENTE VALUES (6410435456,264760478,24,'vel.convallis@condimentumeget.org','Kerry Newton',26610782,1,
    TO_DATE('07/02/1987', 'DD/MM/YYYY'),'Ap 919-2610 Lacus Road','Delegado',81988182988,'M');

INSERT INTO T_SCC_CLIENTE VALUES (2383550913,791228161,63,'nulla.tincidunt@lacusquisque.ca','Leroy Henderson',88014000,2,
    TO_DATE('10/08/1975', 'DD/MM/YYYY'),'Ap 241-1251 Adipiscing, Rd.','Guarda Civil',11994480215,'H');

INSERT INTO T_SCC_CLIENTE VALUES (8139480412,55383907,22,'id.enim@quisarcu.org','Kyle Branch',45173207,7,
    TO_DATE('07/07/1973', 'DD/MM/YYYY'),'583-819 Nascetur Av.','Guarda de Trânsito',11990824424,'NB');

INSERT INTO T_SCC_CLIENTE VALUES (6796806338,687550621,45,'curae.donec@nonmassa.edu','Liberty Greene',11318348,1,
    TO_DATE('11/09/1984', 'DD/MM/YYYY'),'174-1243 Lobortis Ave','Policial Rodoviário',11974224144,'M');

INSERT INTO T_SCC_CLIENTE VALUES (9850701080,815053843,77,'sed.orci.lobortis@antedictum.edu','Ingrid Benjamin',18938185,4,
    TO_DATE('08/06/1976', 'DD/MM/YYYY'),'Ap 372-9668 In St.','Fotógrafo',6197349764,'M');


-- POPULANDO A TEBELA CONTA
-- SELECT * FROM T_SCC_CONTA;
INSERT INTO T_SCC_CONTA VALUES (96659037,2275649057,7,TO_DATE('12/09/1983', 'DD/MM/YYYY'),422,2198,'Física');

INSERT INTO T_SCC_CONTA VALUES (65146816,8411889184,1,TO_DATE('12/06/1995', 'DD/MM/YYYY'),422,8159,'Jurídica');

INSERT INTO T_SCC_CONTA VALUES (27305799,7460426932,1,TO_DATE('01/09/1956', 'DD/MM/YYYY'),422,3141,'Jurídica');

INSERT INTO T_SCC_CONTA VALUES (75600251,3701615887,5,TO_DATE('01/07/2016', 'DD/MM/YYYY'),422,4169,'Jurídica');

INSERT INTO T_SCC_CONTA VALUES (95215430,3072194708,9,TO_DATE('03/08/2012', 'DD/MM/YYYY'),422,2206,'Jurídica');

INSERT INTO T_SCC_CONTA VALUES (90403578,2912145714,2,TO_DATE('10/09/1993', 'DD/MM/YYYY'),422,2124,'Jurídica');

INSERT INTO T_SCC_CONTA VALUES (33800951,9041346005,4,TO_DATE('09/09/1977', 'DD/MM/YYYY'),422,1207,'Jurídica');

INSERT INTO T_SCC_CONTA VALUES (30907583,8167219999,3,TO_DATE('08/04/2013', 'DD/MM/YYYY'),422,1004,'Física');

INSERT INTO T_SCC_CONTA VALUES (29593268,1455992345,2,TO_DATE('11/08/2020', 'DD/MM/YYYY'),422,2138,'Jurídica');

INSERT INTO T_SCC_CONTA VALUES (93818073,6126246644,3,TO_DATE('07/06/1962', 'DD/MM/YYYY'),422,1172,'Física');

INSERT INTO T_SCC_CONTA VALUES (89223008,5068621048,5,TO_DATE('05/11/1987', 'DD/MM/YYYY'),422,1146,'Física');

INSERT INTO T_SCC_CONTA VALUES (94169149,5980638937,7,TO_DATE('07/04/2002', 'DD/MM/YYYY'),422,1048,'Jurídica');

INSERT INTO T_SCC_CONTA VALUES (83241683,4149610338,7,TO_DATE('12/05/2010', 'DD/MM/YYYY'),422,1023,'Jurídica');

INSERT INTO T_SCC_CONTA VALUES (56422509,2635517640,2,TO_DATE('12/02/1992', 'DD/MM/YYYY'),422,9160,'Jurídica');

INSERT INTO T_SCC_CONTA VALUES (36239826,6559365323,5,TO_DATE('03/07/1967', 'DD/MM/YYYY'),422,7767,'Física');

INSERT INTO T_SCC_CONTA VALUES (93704018,6410435456,7,TO_DATE('10/04/1988', 'DD/MM/YYYY'),422,5144,'Física');

INSERT INTO T_SCC_CONTA VALUES (95124950,2383550913,7,TO_DATE('05/05/1956', 'DD/MM/YYYY'),422,1435,'Física');

INSERT INTO T_SCC_CONTA VALUES (18412190,8139480412,4,TO_DATE('02/07/1980', 'DD/MM/YYYY'),422,1210,'Jurídica');

INSERT INTO T_SCC_CONTA VALUES (20623979,6796806338,4,TO_DATE('09/06/2011', 'DD/MM/YYYY'),422,4587,'Jurídica');

INSERT INTO T_SCC_CONTA VALUES (17292411,9850701080,3,TO_DATE('06/05/1999', 'DD/MM/YYYY'),422,2252,'Jurídica');


-- POPULANDO A TEBELA PRODUTO
-- SELECT * FROM T_SCC_PRODUTO;
INSERT INTO T_SCC_PRODUTO VALUES (9369193754,'Cartões','Jurídica');

INSERT INTO T_SCC_PRODUTO VALUES (3127745788,'Comércio Exterior','Física');

INSERT INTO T_SCC_PRODUTO VALUES (1873127894,'Comércio Exterior','Jurídica');

INSERT INTO T_SCC_PRODUTO VALUES (1638939781,'Cartões','Jurídica');

INSERT INTO T_SCC_PRODUTO VALUES (6993840583,'Comércio Exterior','Jurídica');

INSERT INTO T_SCC_PRODUTO VALUES (6559527204,'Conta','Jurídica');

INSERT INTO T_SCC_PRODUTO VALUES (1680016815,'Cash Management','Física');

INSERT INTO T_SCC_PRODUTO VALUES (8175951678,'Câmbio','Jurídica');

INSERT INTO T_SCC_PRODUTO VALUES (6295626588,'Empréstimo e Financiamento','Física');

INSERT INTO T_SCC_PRODUTO VALUES (2065472922,'Câmbio','Jurídica');

INSERT INTO T_SCC_PRODUTO VALUES (3992671910,'Empréstimo e Financiamento','Jurídica');

INSERT INTO T_SCC_PRODUTO VALUES (9752648674,'Cartões','Jurídica');

INSERT INTO T_SCC_PRODUTO VALUES (4534526968,'Seguros','Jurídica');

INSERT INTO T_SCC_PRODUTO VALUES (7435895445,'Cartões','Física');

INSERT INTO T_SCC_PRODUTO VALUES (9339575940,'Comércio Exterior','Física');

INSERT INTO T_SCC_PRODUTO VALUES (9386450801,'Corrente','Jurídica');

INSERT INTO T_SCC_PRODUTO VALUES (2426512396,'Cash Management','Física');

INSERT INTO T_SCC_PRODUTO VALUES (7377727564,'Conta','Jurídica');

INSERT INTO T_SCC_PRODUTO VALUES (6587025124,'Conta','Física');

INSERT INTO T_SCC_PRODUTO VALUES (7626908827,'Corrente','Física');


-- POPULANDO A TEBELA AUDIO
-- SELECT * FROM T_SCC_AUDIO;
INSERT INTO T_SCC_AUDIO VALUES (903646145661716,2275649057,'C:\Users\Admin\Audio\SistemadeCadastrodeClientes\CodigoCliente\2275649057','Audio001',58080,663,'.wav',
    TO_DATE('06/03/2005', 'DD/MM/YYYY'));

INSERT INTO T_SCC_AUDIO VALUES (519744946380568,8411889184,'C:\Users\Admin\Audio\SistemadeCadastrodeClientes\CodigoCliente\8411889184','Audio002',71635,658,'.wav',
    TO_DATE('03/07/2012', 'DD/MM/YYYY'));

INSERT INTO T_SCC_AUDIO VALUES (369188001964852,7460426932,'C:\Users\Admin\Audio\SistemadeCadastrodeClientes\CodigoCliente\7460426932','Audio003',99601,430,'.wav',
    TO_DATE('12/05/2009', 'DD/MM/YYYY'));

INSERT INTO T_SCC_AUDIO VALUES (789736141536813,3701615887,'C:\Users\Admin\Audio\SistemadeCadastrodeClientes\CodigoCliente\3701615887','Audio004',24554,409,'.wav',
    TO_DATE('09/09/2008', 'DD/MM/YYYY'));

INSERT INTO T_SCC_AUDIO VALUES (266688417952123,3072194708,'C:\Users\Admin\Audio\SistemadeCadastrodeClientes\CodigoCliente\3072194708','Audio005',28525,632,'.wav',
    TO_DATE('03/12/2002', 'DD/MM/YYYY'));

INSERT INTO T_SCC_AUDIO VALUES (412692881021560,2912145714,'C:\Users\Admin\Audio\SistemadeCadastrodeClientes\CodigoCliente\2912145714','Audio006',36461,752,'.wav',
    TO_DATE('11/01/2004', 'DD/MM/YYYY'));

INSERT INTO T_SCC_AUDIO VALUES (163663726404613,9041346005,'C:\Users\Admin\Audio\SistemadeCadastrodeClientes\CodigoCliente\9041346005','Audio007',50866,274,'.wav',
    TO_DATE('01/07/2018', 'DD/MM/YYYY'));

INSERT INTO T_SCC_AUDIO VALUES (153774080707213,8167219999,'C:\Users\Admin\Audio\SistemadeCadastrodeClientes\CodigoCliente\8167219999','Audio008',74035,330,'.wav',
    TO_DATE('10/02/2004', 'DD/MM/YYYY'));

INSERT INTO T_SCC_AUDIO VALUES (513727907803436,1455992345,'C:\Users\Admin\Audio\SistemadeCadastrodeClientes\CodigoCliente\1455992345','Audio009',69625,553,'.wav',
    TO_DATE('09/07/2004', 'DD/MM/YYYY'));

INSERT INTO T_SCC_AUDIO VALUES (262025306425650,6126246644,'C:\Users\Admin\Audio\SistemadeCadastrodeClientes\CodigoCliente\6126246644','Audio010',35868,388,'.wav',
    TO_DATE('09/02/2016', 'DD/MM/YYYY'));

INSERT INTO T_SCC_AUDIO VALUES (355995574809390,5068621048,'C:\Users\Admin\Audio\SistemadeCadastrodeClientes\CodigoCliente\5068621048','Audio011',30406,261,'.wav',
    TO_DATE('08/02/2009', 'DD/MM/YYYY'));

INSERT INTO T_SCC_AUDIO VALUES (695496163666034,5980638937,'C:\Users\Admin\Audio\SistemadeCadastrodeClientes\CodigoCliente\5980638937','Audio012',84750,438,'.wav',
    TO_DATE('04/01/2011', 'DD/MM/YYYY'));

INSERT INTO T_SCC_AUDIO VALUES (758430276118632,4149610338,'C:\Users\Admin\Audio\SistemadeCadastrodeClientes\CodigoCliente\4149610338','Audio013',98190,301,'.wav',
    TO_DATE('04/01/2018', 'DD/MM/YYYY'));

INSERT INTO T_SCC_AUDIO VALUES (944764404393236,2635517640,'C:\Users\Admin\Audio\SistemadeCadastrodeClientes\CodigoCliente\2635517640','Audio014',16741,995,'.wav',
    TO_DATE('10/07/2012', 'DD/MM/YYYY'));

INSERT INTO T_SCC_AUDIO VALUES (443212464304369,6559365323,'C:\Users\Admin\Audio\SistemadeCadastrodeClientes\CodigoCliente\6559365323','Audio015',49521,347,'.wav',
    TO_DATE('01/03/2012', 'DD/MM/YYYY'));

INSERT INTO T_SCC_AUDIO VALUES (369125658230175,6410435456,'C:\Users\Admin\Audio\SistemadeCadastrodeClientes\CodigoCliente\6410435456','Audio016',56856,956,'.wav',
    TO_DATE('02/07/2003', 'DD/MM/YYYY'));

INSERT INTO T_SCC_AUDIO VALUES (813177588433673,2383550913,'C:\Users\Admin\Audio\SistemadeCadastrodeClientes\CodigoCliente\2383550913','Audio017',82074,241,'.wav',
    TO_DATE('08/07/2002', 'DD/MM/YYYY'));

INSERT INTO T_SCC_AUDIO VALUES (199608546734970,8139480412,'C:\Users\Admin\Audio\SistemadeCadastrodeClientes\CodigoCliente\8139480412','Audio018',99130,468,'.wav',
    TO_DATE('11/08/2015', 'DD/MM/YYYY'));

INSERT INTO T_SCC_AUDIO VALUES (988204765824716,6796806338,'C:\Users\Admin\Audio\SistemadeCadastrodeClientes\CodigoCliente\6796806338','Audio019',21909,369,'.wav',
    TO_DATE('04/07/2003', 'DD/MM/YYYY'));

INSERT INTO T_SCC_AUDIO VALUES (254476460430023,9850701080,'C:\Users\Admin\Audio\SistemadeCadastrodeClientes\CodigoCliente\9850701080','Audio020',42309,171,'.wav',
    TO_DATE('11/11/2012', 'DD/MM/YYYY'));


-- POPULANDO A TEBELA PRODUTO CONTA
-- SELECT * FROM T_SCC_PRODUTO_CONTA;
INSERT INTO T_SCC_PRODUTO_CONTA VALUES (96659037,9369193754, 
    TO_DATE('03/09/2002', 'DD/MM/YYYY'),TO_DATE('20/09/2020', 'DD/MM/YYYY'));

INSERT INTO T_SCC_PRODUTO_CONTA VALUES (65146816,3127745788, 
    TO_DATE('17/10/2000', 'DD/MM/YYYY'),TO_DATE('30/05/2011', 'DD/MM/YYYY'));

INSERT INTO T_SCC_PRODUTO_CONTA VALUES (27305799,1873127894, 
    TO_DATE('01/04/1999', 'DD/MM/YYYY'),TO_DATE('28/11/2021', 'DD/MM/YYYY'));

INSERT INTO T_SCC_PRODUTO_CONTA VALUES (75600251,1638939781, 
    TO_DATE('02/01/1986', 'DD/MM/YYYY'),TO_DATE('14/10/2002', 'DD/MM/YYYY'));

INSERT INTO T_SCC_PRODUTO_CONTA VALUES (95215430,6993840583, 
    TO_DATE('29/02/2000', 'DD/MM/YYYY'),TO_DATE('18/06/2000', 'DD/MM/YYYY'));

INSERT INTO T_SCC_PRODUTO_CONTA VALUES (90403578,6559527204, 
    TO_DATE('04/03/1966', 'DD/MM/YYYY'),TO_DATE('13/03/2009', 'DD/MM/YYYY'));

INSERT INTO T_SCC_PRODUTO_CONTA VALUES (33800951,1680016815, 
    TO_DATE('12/12/1977', 'DD/MM/YYYY'),TO_DATE('16/12/1999', 'DD/MM/YYYY'));

INSERT INTO T_SCC_PRODUTO_CONTA VALUES (30907583,8175951678, 
    TO_DATE('17/06/1958', 'DD/MM/YYYY'),TO_DATE('29/05/1980', 'DD/MM/YYYY'));

INSERT INTO T_SCC_PRODUTO_CONTA VALUES (29593268,6295626588, 
    TO_DATE('25/02/2009', 'DD/MM/YYYY'),TO_DATE('16/11/2021', 'DD/MM/YYYY'));

INSERT INTO T_SCC_PRODUTO_CONTA VALUES (93818073,2065472922, 
    TO_DATE('21/04/1966', 'DD/MM/YYYY'),TO_DATE('20/04/2012', 'DD/MM/YYYY'));

INSERT INTO T_SCC_PRODUTO_CONTA VALUES (89223008,3992671910, 
    TO_DATE('19/04/2006', 'DD/MM/YYYY'),TO_DATE('15/08/2011', 'DD/MM/YYYY'));

INSERT INTO T_SCC_PRODUTO_CONTA VALUES (94169149,9752648674, 
    TO_DATE('28/07/2007', 'DD/MM/YYYY'),TO_DATE('19/09/2021', 'DD/MM/YYYY'));

INSERT INTO T_SCC_PRODUTO_CONTA VALUES (83241683,4534526968, 
    TO_DATE('27/08/1962', 'DD/MM/YYYY'),TO_DATE('01/05/2017', 'DD/MM/YYYY'));

INSERT INTO T_SCC_PRODUTO_CONTA VALUES (56422509,7435895445, 
    TO_DATE('18/06/2014', 'DD/MM/YYYY'),TO_DATE('25/10/2018', 'DD/MM/YYYY'));

INSERT INTO T_SCC_PRODUTO_CONTA VALUES (36239826,9339575940, 
    TO_DATE('13/06/2011', 'DD/MM/YYYY'),TO_DATE('23/02/2022', 'DD/MM/YYYY'));

INSERT INTO T_SCC_PRODUTO_CONTA VALUES (93704018,9386450801, 
    TO_DATE('08/12/2014', 'DD/MM/YYYY'),TO_DATE('23/05/2022', 'DD/MM/YYYY'));

INSERT INTO T_SCC_PRODUTO_CONTA VALUES (95124950,2426512396, 
    TO_DATE('29/04/1967', 'DD/MM/YYYY'),TO_DATE('28/01/2014', 'DD/MM/YYYY'));

INSERT INTO T_SCC_PRODUTO_CONTA VALUES (18412190,7377727564, 
    TO_DATE('13/07/1998', 'DD/MM/YYYY'),TO_DATE('28/07/2014', 'DD/MM/YYYY'));

INSERT INTO T_SCC_PRODUTO_CONTA VALUES (20623979,6587025124, 
    TO_DATE('10/08/2001', 'DD/MM/YYYY'),TO_DATE('08/08/2021', 'DD/MM/YYYY'));

INSERT INTO T_SCC_PRODUTO_CONTA VALUES (17292411,7626908827, 
    TO_DATE('31/01/1989', 'DD/MM/YYYY'),TO_DATE('12/04/2001', 'DD/MM/YYYY'));

/*
COMMIT;
*/



































































































