/*
DELETE FROM T_SIP_DEPENDENTE;
DELETE FROM T_SIP_IMPLANTACAO;
DELETE FROM T_SIP_FUNCIONARIO;
DELETE FROM T_SIP_PROJETO;
DELETE FROM T_SIP_DEPTO;
*/



-- POPULANDO A TABELA DEPARTAMENTO
INSERT INTO T_SIP_DEPTO VALUES (1, 'FINANCEIRO', 'FIN');
INSERT INTO T_SIP_DEPTO VALUES (2, 'TECNOLOGIA DA INFORMAÇÃO', 'TIN');
INSERT INTO T_SIP_DEPTO VALUES (3, 'CONTAS A PAGAR', 'CPG');
INSERT INTO T_SIP_DEPTO VALUES (4, 'FATURAMENTO', 'FAT');
INSERT INTO T_SIP_DEPTO VALUES (5, 'RECURSOS HUMANOS', 'RHU');

-- POPULANDO A TABELA FUNCIONARIO
INSERT INTO T_SIP_FUNCIONARIO VALUES (12345, 1, 'JOAO DA SILVA', TO_DATE('10/05/85', 'DD/MM/YY'), TO_DATE('15/09/12', 'DD/MM/YY'), 'RUA X, 49', 5684.66);
INSERT INTO T_SIP_FUNCIONARIO VALUES (12346, 1, 'MANUEL DA SILVA', TO_DATE('05/10/98', 'DD/MM/YY'), TO_DATE('10/11/15', 'DD/MM/YY'), 'RUA X, 31', 3542.11);
INSERT INTO T_SIP_FUNCIONARIO VALUES (12347, 1, 'JANDIRA DA SILVA', TO_DATE('10/12/00', 'DD/MM/YY'), TO_DATE('15/09/18', 'DD/MM/YY'), 'RUA X, 25', 1875.96);
INSERT INTO T_SIP_FUNCIONARIO VALUES (12348, 2, 'KATIA REGINA SOUZA ', TO_DATE('15/01/95', 'DD/MM/YY'), TO_DATE('03/10/15', 'DD/MM/YY'), 'RUA Y, 49', 3894.63);
INSERT INTO T_SIP_FUNCIONARIO VALUES (12349, 2, 'MARIA DAS DORES SOUZA', TO_DATE('18/08/83', 'DD/MM/YY'), TO_DATE('23/10/17', 'DD/MM/YY'), 'RUA Y, 35', 1542.55);
INSERT INTO T_SIP_FUNCIONARIO VALUES (12350, 2, 'JOAO DA SILVA', TO_DATE('04/05/99', 'DD/MM/YY'), TO_DATE('05/06/14', 'DD/MM/YY'), 'RUA Y, 27', 5874.52);
INSERT INTO T_SIP_FUNCIONARIO VALUES (12351, 3, 'GIZELE DE JESUZ', TO_DATE('15/04/99', 'DD/MM/YY'), TO_DATE('20/03/17', 'DD/MM/YY'), 'RUA Z, 49', 1060.66);
INSERT INTO T_SIP_FUNCIONARIO VALUES (12352, 3, 'RAFAEL DE JESUZ', TO_DATE('10/08/98', 'DD/MM/YY'), TO_DATE('10/08/12', 'DD/MM/YY'), 'RUA Z, 55', 2563.44);
INSERT INTO T_SIP_FUNCIONARIO VALUES (12353, 3, 'ROSANA DE JESUZ', TO_DATE('14/03/87', 'DD/MM/YY'), TO_DATE('15/08/19', 'DD/MM/YY'), 'RUA Z, 79', 4879.55);
INSERT INTO T_SIP_FUNCIONARIO VALUES (12354, 4, 'JOSEFINA DE ALMEIDA', TO_DATE('16/10/97', 'DD/MM/YY'), TO_DATE('25/03/13', 'DD/MM/YY'), 'RUA Y, 44', 4561.88);
INSERT INTO T_SIP_FUNCIONARIO VALUES (12355, 4, 'LUCIANA DE ALMEIDA', TO_DATE('10/02/84', 'DD/MM/YY'), TO_DATE('28/09/11', 'DD/MM/YY'), 'RUA Y, 55', 2345.52);
INSERT INTO T_SIP_FUNCIONARIO VALUES (12356, 4, 'THIAGO DE ALMEIDA', TO_DATE('10/03/98', 'DD/MM/YY'), TO_DATE('24/10/18', 'DD/MM/YY'), 'RUA Y, 22', 1254.22);
INSERT INTO T_SIP_FUNCIONARIO VALUES (12357, 5, 'LARISSA DE CAMARGO', TO_DATE('14/02/97', 'DD/MM/YY'), TO_DATE('04/08/15', 'DD/MM/YY'), 'RUA V, 22', 1245.55);
INSERT INTO T_SIP_FUNCIONARIO VALUES (12358, 5, 'ANTONIO DE CAMARGO', TO_DATE('25/01/85', 'DD/MM/YY'), TO_DATE('12/08/16', 'DD/MM/YY'), 'RUA V, 44', 2451.33);
INSERT INTO T_SIP_FUNCIONARIO VALUES (12359, 5, 'JOSE DE CAMARGO', TO_DATE('23/10/97', 'DD/MM/YY'), TO_DATE('20/04/17', 'DD/MM/YY'), 'RUA V, 88', 6541.22);

-- POPULANDO A TABELA DEPENDENTE
INSERT INTO T_SIP_DEPENDENTE VALUES (12345, 1, 'JOANINHA', TO_DATE('12/10/10', 'DD/MM/YY'));
INSERT INTO T_SIP_DEPENDENTE VALUES (12345, 2, 'JULINHA', TO_DATE('15/10/12', 'DD/MM/YY'));
INSERT INTO T_SIP_DEPENDENTE VALUES (12345, 3, 'TONINHO', TO_DATE('22/10/14', 'DD/MM/YY'));
INSERT INTO T_SIP_DEPENDENTE VALUES (12346, 1, 'JUNINHO', TO_DATE('02/10/11', 'DD/MM/YY'));
INSERT INTO T_SIP_DEPENDENTE VALUES (12346, 2, 'ZEZINHO', TO_DATE('15/10/13', 'DD/MM/YY'));
INSERT INTO T_SIP_DEPENDENTE VALUES (12346, 3, 'MARCELINHO', TO_DATE('17/10/15', 'DD/MM/YY'));
INSERT INTO T_SIP_DEPENDENTE VALUES (12347, 1, 'MARIAZINHA', TO_DATE('11/06/14', 'DD/MM/YY'));
INSERT INTO T_SIP_DEPENDENTE VALUES (12347, 2, 'LUIZINHA', TO_DATE('21/06/16', 'DD/MM/YY'));
INSERT INTO T_SIP_DEPENDENTE VALUES (12347, 3, 'CARMINHA', TO_DATE('18/06/18', 'DD/MM/YY'));

-- POPULANDO A TABELA PROJETO 
INSERT INTO T_SIP_PROJETO VALUES (10001, 'PROJETO ALFA', TO_DATE('11/10/16', 'DD/MM/YY'), NULL);
INSERT INTO T_SIP_PROJETO VALUES (10002, 'PROJETO BETA', TO_DATE('25/10/13', 'DD/MM/YY'), TO_DATE('15/04/15', 'DD/MM/YY'));
INSERT INTO T_SIP_PROJETO VALUES (10003, 'PROJETO CHARLIE', TO_DATE('28/04/12', 'DD/MM/YY'), NULL);
INSERT INTO T_SIP_PROJETO VALUES (10004, 'PROJETO DELTA', TO_DATE('25/03/17', 'DD/MM/YY'), NULL);
INSERT INTO T_SIP_PROJETO VALUES (10005, 'PROJETO EAGLE', TO_DATE('28/09/14', 'DD/MM/YY'), TO_DATE('15/09/18', 'DD/MM/YY'));

-- POPULANDO A TABELA IMPLANTAÇÃO
INSERT INTO T_SIP_IMPLANTACAO VALUES (10001, 1, 12345, TO_DATE('11/10/16', 'DD/MM/YY'), TO_DATE('15/09/17', 'DD/MM/YY'));
INSERT INTO T_SIP_IMPLANTACAO VALUES (10001, 2, 12346, TO_DATE('11/10/16', 'DD/MM/YY'), NULL);
INSERT INTO T_SIP_IMPLANTACAO VALUES (10001, 3, 12348, TO_DATE('11/10/16', 'DD/MM/YY'), TO_DATE('25/06/18', 'DD/MM/YY'));
INSERT INTO T_SIP_IMPLANTACAO VALUES (10002, 1, 12345, TO_DATE('25/10/13', 'DD/MM/YY'), TO_DATE('15/04/14', 'DD/MM/YY'));
INSERT INTO T_SIP_IMPLANTACAO VALUES (10002, 2, 12352, TO_DATE('25/10/13', 'DD/MM/YY'), TO_DATE('25/07/14', 'DD/MM/YY'));
INSERT INTO T_SIP_IMPLANTACAO VALUES (10002, 3, 12355, TO_DATE('25/10/13', 'DD/MM/YY'), TO_DATE('15/04/15', 'DD/MM/YY'));
INSERT INTO T_SIP_IMPLANTACAO VALUES (10003, 1, 12354, TO_DATE('28/04/13', 'DD/MM/YY'), NULL);
INSERT INTO T_SIP_IMPLANTACAO VALUES (10003, 2, 12355, TO_DATE('28/04/13', 'DD/MM/YY'), NULL);
INSERT INTO T_SIP_IMPLANTACAO VALUES (10003, 3, 12345, TO_DATE('28/04/13', 'DD/MM/YY'), NULL);
INSERT INTO T_SIP_IMPLANTACAO VALUES (10004, 1, 12357, TO_DATE('25/03/17', 'DD/MM/YY'), NULL);
INSERT INTO T_SIP_IMPLANTACAO VALUES (10004, 2, 12358, TO_DATE('25/03/17', 'DD/MM/YY'), NULL);
INSERT INTO T_SIP_IMPLANTACAO VALUES (10004, 3, 12354, TO_DATE('25/03/17', 'DD/MM/YY'), TO_DATE('15/08/18', 'DD/MM/YY'));
INSERT INTO T_SIP_IMPLANTACAO VALUES (10005, 1, 12345, TO_DATE('28/09/14', 'DD/MM/YY'), TO_DATE('15/09/18', 'DD/MM/YY'));
INSERT INTO T_SIP_IMPLANTACAO VALUES (10005, 2, 12350, TO_DATE('28/09/14', 'DD/MM/YY'), TO_DATE('15/09/18', 'DD/MM/YY'));
INSERT INTO T_SIP_IMPLANTACAO VALUES (10005, 3, 12354, TO_DATE('28/09/14', 'DD/MM/YY'), TO_DATE('15/09/18', 'DD/MM/YY'));

COMMIT;


